,on
",said
"please,bring
"relax,,"
"this,could
"we,are
'we,haven't
'we,are
(any,time
(such,a
(such,a
(what,a
1969",and
a,dark
a,shimmering
a,candle
a,lovely
a,lovely
a,lovely
a,lot
a,lovely
a,lovely
a,lovely
a,nice
a,nice
ahead,in
air,up
alibis,mirrors
all,just
and,my
and,i
and,she
and,still
and,she
and,in
any,time
any,time
are,calling
are,all
are,programmed
at,the
at,the
away,wake
back,to
be,heaven
be,hell"
beast,last
before,"relax,
bell,and
benz,she
boys,that
bring,me
bring,your
but,they
but,you
california,eagles
california,such
california,any
california,such
california,what
called,up
calling,from
calls,friends
can,find
can,check
can,never
can't,kill
candle,and
captain,"please
ceiling,the
chambers,they
champagne,on
check,out
colitas,rising
cool,wind
corridor,i
could,be
could,be
courtyard,sweet
dance,in
dance,to
dance,to
dark,desert
desert,highway
device",and
dim,i
distance,i
door,i
doorway,i
down,the
eagles,
face,plenty
face,they
far,away
feast,they
find,it
find,the
for,the
for,the
for,the
forget,so
friends,how
from,far
gathered,for
got,the
got,a
grew,heavy
grew,dim
had,to
had,that
had,to
hair,warm
haven't,had
he,said,
head,grew
hear,them
heard,the
heard,them
heaven,or
heavy,and
hell",then
her,mind
here,her
here,since
here,of
highway,cool
hotel,california
hotel,california
hotel,california
hotel,california
hotel,california
how,they
i,saw
i,had
i,heard
i,was
i,thought
i,heard
i,called
i,remember,
i,was
i,had
i,was
ice,and
in,my
in,the
in,the
in,the
in,the
in,the
is,tiffany-twisted
it,here
it,up
it,with
just,to
just,prisoners
just,can't
kill,the
knives,but
last,thing
light,my
like,but
lit,up
livin',it
lot,of
lovely,place
lovely,place)
lovely,face
lovely,place
lovely,place)
lovely,face
man,"we
master's,chambers
me,the
me,my
mercedes,benz
middle,of
mind,is
mirrors,on
mission,bell
my,hair
my,head
my,sight
my,wine"
myself,"this
never,leave"
nice,surprise
nice,surprise)
night,there
night,just
night,man
of,colitas
of,room
of,year
of,year)
of,pretty,
of,the
of,our
on,a
on,the
on,ice
or,this
our,own
out,any
own,device"
passage,back
pink,champagne
place,(such
place,(such
place,i
place),such
place),such
plenty,of
pretty,boys
pretty,,pretty
prisoners,here
programmed,to
receive,you
remember,some
remember,,i
rising,up
room,at
running,for
said,the
said,,'we
said,,'we
saw,a
say,welcome
say,welcome
she,stood
she,lit
she,showed
she,got
she,got
she,calls
she,said,
shimmering,light
showed,me
sight,grew
since,1969"
smell,of
so,i
some,dance
some,dance
spirit,here
stab,it
steely,knives
still,those
stood,in
stop,for
such,a
such,a
such,a
such,a
summer,sweat
surprise,(what
surprise),bring
sweat,some
sweet,summer
that,she
that,spirit
the,air
the,distance
the,night
the,doorway
the,mission
the,way
the,corridor
the,hotel
the,hotel
the,mercedes
the,courtyard
the,captain
the,middle
the,night
the,hotel
the,hotel
the,ceiling
the,pink
the,master's
the,feast
the,beast
the,door
the,passage
the,place
the,night
their,steely
them,say
them,say
then,she
there,she
there,were
they,dance
they,livin'
they,gathered
they,stab
they,just
thing,i
thinking,to
this,could
those,voices
thought,i
through,the
tiffany-twisted,she
time,of
time,of
time,you
to,stop
to,myself
to,the
to,remember
to,forget
to,hear
to,the
to,find
to,the
to,receive
up,through
up,ahead
up,a
up,the
up,in
up,at
voices,down
voices,are
wake,you
warm,smell
was,thinking
was,running
was,before
way,there
welcome,to
welcome,to
were,voices
what,a
wind,in
wine",he
with,their
year,(any
year),you
you,can
you,up
you,can
you,like
you,can
your,alibis
